speed_val,smooth_val,dead_val,fov_size
3.5999999046325684,15.0,130.60000610351562,130
